release_id,estimation_period,frame_vintage,universe,geography_level,geography_id,concept,estimand,estimate,unit,weighted_numerator,weighted_denominator,coverage,design_id,weight_semantics,uncertainty_status
poverty-estimate-release-2024-q3-province-predictive-v1,2024-Q3,2010,households,province_2010,02,poverty,fgt0,0.19369063824691282,proportion,2383.363303628262,12305.0,1.0,unit_weight_target_year_sample_research_v1,unit household weight,not_supplied
poverty-estimate-release-2024-q3-province-predictive-v1,2024-Q3,2010,households,province_2010,02,poverty,fgt1,0.10283259294053368,proportion,1265.355056133267,12305.0,1.0,unit_weight_target_year_sample_research_v1,unit household weight,not_supplied
poverty-estimate-release-2024-q3-province-predictive-v1,2024-Q3,2010,households,province_2010,02,poverty,fgt2,0.07758327767324741,proportion,954.6622317693094,12305.0,1.0,unit_weight_target_year_sample_research_v1,unit household weight,not_supplied
poverty-estimate-release-2024-q3-province-predictive-v1,2024-Q3,2010,households,province_2010,02,indigence,fgt0,0.08694260637814967,proportion,1069.8287714831317,12305.0,1.0,unit_weight_target_year_sample_research_v1,unit household weight,not_supplied
poverty-estimate-release-2024-q3-province-predictive-v1,2024-Q3,2010,households,province_2010,02,indigence,fgt1,0.06188244457464924,proportion,761.4634804910589,12305.0,1.0,unit_weight_target_year_sample_research_v1,unit household weight,not_supplied
poverty-estimate-release-2024-q3-province-predictive-v1,2024-Q3,2010,households,province_2010,02,indigence,fgt2,0.05461197906585239,proportion,672.0004024053137,12305.0,1.0,unit_weight_target_year_sample_research_v1,unit household weight,not_supplied
poverty-estimate-release-2024-q3-province-predictive-v1,2024-Q3,2010,households,province_2010,06,poverty,fgt0,0.3959234282264762,proportion,21851.014003819222,55190.0,1.0,unit_weight_target_year_sample_research_v1,unit household weight,not_supplied
poverty-estimate-release-2024-q3-province-predictive-v1,2024-Q3,2010,households,province_2010,06,poverty,fgt1,0.20531942180224982,proportion,11331.578889266168,55190.0,1.0,unit_weight_target_year_sample_research_v1,unit household weight,not_supplied
poverty-estimate-release-2024-q3-province-predictive-v1,2024-Q3,2010,households,province_2010,06,poverty,fgt2,0.14763625255507604,proportion,8148.044778514646,55190.0,1.0,unit_weight_target_year_sample_research_v1,unit household weight,not_supplied
poverty-estimate-release-2024-q3-province-predictive-v1,2024-Q3,2010,households,province_2010,06,indigence,fgt0,0.17296365463489416,proportion,9545.864099299808,55190.0,1.0,unit_weight_target_year_sample_research_v1,unit household weight,not_supplied
poverty-estimate-release-2024-q3-province-predictive-v1,2024-Q3,2010,households,province_2010,06,indigence,fgt1,0.11012889654555127,proportion,6078.013800348975,55190.0,1.0,unit_weight_target_year_sample_research_v1,unit household weight,not_supplied
poverty-estimate-release-2024-q3-province-predictive-v1,2024-Q3,2010,households,province_2010,06,indigence,fgt2,0.09216833643928941,proportion,5086.770488084383,55190.0,1.0,unit_weight_target_year_sample_research_v1,unit household weight,not_supplied
poverty-estimate-release-2024-q3-province-predictive-v1,2024-Q3,2010,households,province_2010,10,poverty,fgt0,0.43914572941639735,proportion,490.52577975811585,1117.0,1.0,unit_weight_target_year_sample_research_v1,unit household weight,not_supplied
poverty-estimate-release-2024-q3-province-predictive-v1,2024-Q3,2010,households,province_2010,10,poverty,fgt1,0.23819270373126178,proportion,266.0612500678194,1117.0,1.0,unit_weight_target_year_sample_research_v1,unit household weight,not_supplied
poverty-estimate-release-2024-q3-province-predictive-v1,2024-Q3,2010,households,province_2010,10,poverty,fgt2,0.1763005511622305,proportion,196.92771564821146,1117.0,1.0,unit_weight_target_year_sample_research_v1,unit household weight,not_supplied
poverty-estimate-release-2024-q3-province-predictive-v1,2024-Q3,2010,households,province_2010,10,indigence,fgt0,0.21859946706389932,proportion,244.17560471037555,1117.0,1.0,unit_weight_target_year_sample_research_v1,unit household weight,not_supplied
poverty-estimate-release-2024-q3-province-predictive-v1,2024-Q3,2010,households,province_2010,10,indigence,fgt1,0.14128470297124324,proportion,157.8150132188787,1117.0,1.0,unit_weight_target_year_sample_research_v1,unit household weight,not_supplied
poverty-estimate-release-2024-q3-province-predictive-v1,2024-Q3,2010,households,province_2010,10,indigence,fgt2,0.11888064883537662,proportion,132.78968474911568,1117.0,1.0,unit_weight_target_year_sample_research_v1,unit household weight,not_supplied
poverty-estimate-release-2024-q3-province-predictive-v1,2024-Q3,2010,households,province_2010,14,poverty,fgt0,0.400566233066031,proportion,4870.084261616805,12158.0,1.0,unit_weight_target_year_sample_research_v1,unit household weight,not_supplied
poverty-estimate-release-2024-q3-province-predictive-v1,2024-Q3,2010,households,province_2010,14,poverty,fgt1,0.2106618530908809,proportion,2561.22680987893,12158.0,1.0,unit_weight_target_year_sample_research_v1,unit household weight,not_supplied
poverty-estimate-release-2024-q3-province-predictive-v1,2024-Q3,2010,households,province_2010,14,poverty,fgt2,0.15336213521836745,proportion,1864.5768399849114,12158.0,1.0,unit_weight_target_year_sample_research_v1,unit household weight,not_supplied
poverty-estimate-release-2024-q3-province-predictive-v1,2024-Q3,2010,households,province_2010,14,indigence,fgt0,0.1785978568412151,proportion,2171.3927434754933,12158.0,1.0,unit_weight_target_year_sample_research_v1,unit household weight,not_supplied
poverty-estimate-release-2024-q3-province-predictive-v1,2024-Q3,2010,households,province_2010,14,indigence,fgt1,0.11622646994116301,proportion,1413.0814215446599,12158.0,1.0,unit_weight_target_year_sample_research_v1,unit household weight,not_supplied
poverty-estimate-release-2024-q3-province-predictive-v1,2024-Q3,2010,households,province_2010,14,indigence,fgt2,0.0982523774203925,proportion,1194.552404677132,12158.0,1.0,unit_weight_target_year_sample_research_v1,unit household weight,not_supplied
poverty-estimate-release-2024-q3-province-predictive-v1,2024-Q3,2010,households,province_2010,18,poverty,fgt0,0.517667079771354,proportion,1610.4622851686822,3111.0,1.0,unit_weight_target_year_sample_research_v1,unit household weight,not_supplied
poverty-estimate-release-2024-q3-province-predictive-v1,2024-Q3,2010,households,province_2010,18,poverty,fgt1,0.29598357632749156,proportion,920.8049059548263,3111.0,1.0,unit_weight_target_year_sample_research_v1,unit household weight,not_supplied
poverty-estimate-release-2024-q3-province-predictive-v1,2024-Q3,2010,households,province_2010,18,poverty,fgt2,0.22402662099387186,proportion,696.9468179119353,3111.0,1.0,unit_weight_target_year_sample_research_v1,unit household weight,not_supplied
poverty-estimate-release-2024-q3-province-predictive-v1,2024-Q3,2010,households,province_2010,18,indigence,fgt0,0.27847688260849734,proportion,866.3415817950352,3111.0,1.0,unit_weight_target_year_sample_research_v1,unit household weight,not_supplied
poverty-estimate-release-2024-q3-province-predictive-v1,2024-Q3,2010,households,province_2010,18,indigence,fgt1,0.18228102465856738,proportion,567.0762677128031,3111.0,1.0,unit_weight_target_year_sample_research_v1,unit household weight,not_supplied
poverty-estimate-release-2024-q3-province-predictive-v1,2024-Q3,2010,households,province_2010,18,indigence,fgt2,0.1536351989223254,proportion,477.95910384735436,3111.0,1.0,unit_weight_target_year_sample_research_v1,unit household weight,not_supplied
poverty-estimate-release-2024-q3-province-predictive-v1,2024-Q3,2010,households,province_2010,22,poverty,fgt0,0.5397733394238623,proportion,1875.1725811584977,3474.0,1.0,unit_weight_target_year_sample_research_v1,unit household weight,not_supplied
poverty-estimate-release-2024-q3-province-predictive-v1,2024-Q3,2010,households,province_2010,22,poverty,fgt1,0.31592585059658834,proportion,1097.5264049725479,3474.0,1.0,unit_weight_target_year_sample_research_v1,unit household weight,not_supplied
poverty-estimate-release-2024-q3-province-predictive-v1,2024-Q3,2010,households,province_2010,22,poverty,fgt2,0.24150797258915474,proportion,838.9986967747236,3474.0,1.0,unit_weight_target_year_sample_research_v1,unit household weight,not_supplied
poverty-estimate-release-2024-q3-province-predictive-v1,2024-Q3,2010,households,province_2010,22,indigence,fgt0,0.3007874125036141,proportion,1044.9354710375555,3474.0,1.0,unit_weight_target_year_sample_research_v1,unit household weight,not_supplied
poverty-estimate-release-2024-q3-province-predictive-v1,2024-Q3,2010,households,province_2010,22,indigence,fgt1,0.19814047697543863,proportion,688.3400170126738,3474.0,1.0,unit_weight_target_year_sample_research_v1,unit household weight,not_supplied
poverty-estimate-release-2024-q3-province-predictive-v1,2024-Q3,2010,households,province_2010,22,indigence,fgt2,0.16720972084834407,proportion,580.8865702271473,3474.0,1.0,unit_weight_target_year_sample_research_v1,unit household weight,not_supplied
poverty-estimate-release-2024-q3-province-predictive-v1,2024-Q3,2010,households,province_2010,26,poverty,fgt0,0.44658572817511816,proportion,895.850970719287,2006.0,1.0,unit_weight_target_year_sample_research_v1,unit household weight,not_supplied
poverty-estimate-release-2024-q3-province-predictive-v1,2024-Q3,2010,households,province_2010,26,poverty,fgt1,0.22189866131384997,proportion,445.12871459558306,2006.0,1.0,unit_weight_target_year_sample_research_v1,unit household weight,not_supplied
poverty-estimate-release-2024-q3-province-predictive-v1,2024-Q3,2010,households,province_2010,26,poverty,fgt2,0.15452539729273726,proportion,309.97794696923097,2006.0,1.0,unit_weight_target_year_sample_research_v1,unit household weight,not_supplied
poverty-estimate-release-2024-q3-province-predictive-v1,2024-Q3,2010,households,province_2010,26,indigence,fgt0,0.16115065846381924,proportion,323.2682208784214,2006.0,1.0,unit_weight_target_year_sample_research_v1,unit household weight,not_supplied
poverty-estimate-release-2024-q3-province-predictive-v1,2024-Q3,2010,households,province_2010,26,indigence,fgt1,0.10282012568386936,proportion,206.25717212184193,2006.0,1.0,unit_weight_target_year_sample_research_v1,unit household weight,not_supplied
poverty-estimate-release-2024-q3-province-predictive-v1,2024-Q3,2010,households,province_2010,26,indigence,fgt2,0.0861856602207727,proportion,172.88843440287005,2006.0,1.0,unit_weight_target_year_sample_research_v1,unit household weight,not_supplied
poverty-estimate-release-2024-q3-province-predictive-v1,2024-Q3,2010,households,province_2010,30,poverty,fgt0,0.4730161206093295,proportion,2007.007399745385,4243.0,1.0,unit_weight_target_year_sample_research_v1,unit household weight,not_supplied
poverty-estimate-release-2024-q3-province-predictive-v1,2024-Q3,2010,households,province_2010,30,poverty,fgt1,0.2556814515343487,proportion,1084.8563988602414,4243.0,1.0,unit_weight_target_year_sample_research_v1,unit household weight,not_supplied
poverty-estimate-release-2024-q3-province-predictive-v1,2024-Q3,2010,households,province_2010,30,poverty,fgt2,0.1872726187577105,proportion,794.5977213889657,4243.0,1.0,unit_weight_target_year_sample_research_v1,unit household weight,not_supplied
poverty-estimate-release-2024-q3-province-predictive-v1,2024-Q3,2010,households,province_2010,30,indigence,fgt0,0.22127366930637843,proportion,938.8641788669637,4243.0,1.0,unit_weight_target_year_sample_research_v1,unit household weight,not_supplied
poverty-estimate-release-2024-q3-province-predictive-v1,2024-Q3,2010,households,province_2010,30,indigence,fgt1,0.14206073228303337,proportion,602.7636870769106,4243.0,1.0,unit_weight_target_year_sample_research_v1,unit household weight,not_supplied
poverty-estimate-release-2024-q3-province-predictive-v1,2024-Q3,2010,households,province_2010,30,indigence,fgt2,0.11907182142647009,proportion,505.22173831251257,4243.0,1.0,unit_weight_target_year_sample_research_v1,unit household weight,not_supplied
poverty-estimate-release-2024-q3-province-predictive-v1,2024-Q3,2010,households,province_2010,34,poverty,fgt0,0.5665518752660484,proportion,1002.2302673456397,1769.0,1.0,unit_weight_target_year_sample_research_v1,unit household weight,not_supplied
poverty-estimate-release-2024-q3-province-predictive-v1,2024-Q3,2010,households,province_2010,34,poverty,fgt1,0.33881784859312736,proportion,599.3687741612423,1769.0,1.0,unit_weight_target_year_sample_research_v1,unit household weight,not_supplied
poverty-estimate-release-2024-q3-province-predictive-v1,2024-Q3,2010,households,province_2010,34,poverty,fgt2,0.2614208823166266,proportion,462.4535408181124,1769.0,1.0,unit_weight_target_year_sample_research_v1,unit household weight,not_supplied
poverty-estimate-release-2024-q3-province-predictive-v1,2024-Q3,2010,households,province_2010,34,indigence,fgt0,0.32579704789214065,proportion,576.3349777211968,1769.0,1.0,unit_weight_target_year_sample_research_v1,unit household weight,not_supplied
poverty-estimate-release-2024-q3-province-predictive-v1,2024-Q3,2010,households,province_2010,34,indigence,fgt1,0.21627185532148718,proportion,382.5849120637108,1769.0,1.0,unit_weight_target_year_sample_research_v1,unit household weight,not_supplied
poverty-estimate-release-2024-q3-province-predictive-v1,2024-Q3,2010,households,province_2010,34,indigence,fgt2,0.1826821550336597,proportion,323.164732254544,1769.0,1.0,unit_weight_target_year_sample_research_v1,unit household weight,not_supplied
poverty-estimate-release-2024-q3-province-predictive-v1,2024-Q3,2010,households,province_2010,38,poverty,fgt0,0.4670990740173549,proportion,1004.7301082113304,2151.0,1.0,unit_weight_target_year_sample_research_v1,unit household weight,not_supplied
poverty-estimate-release-2024-q3-province-predictive-v1,2024-Q3,2010,households,province_2010,38,poverty,fgt1,0.25598401534843285,proportion,550.621617014479,2151.0,1.0,unit_weight_target_year_sample_research_v1,unit household weight,not_supplied
poverty-estimate-release-2024-q3-province-predictive-v1,2024-Q3,2010,households,province_2010,38,poverty,fgt2,0.1899049060120337,proportion,408.48545283188446,2151.0,1.0,unit_weight_target_year_sample_research_v1,unit household weight,not_supplied
poverty-estimate-release-2024-q3-province-predictive-v1,2024-Q3,2010,households,province_2010,38,indigence,fgt0,0.2361402598409515,proportion,507.9376989178867,2151.0,1.0,unit_weight_target_year_sample_research_v1,unit household weight,not_supplied
poverty-estimate-release-2024-q3-province-predictive-v1,2024-Q3,2010,households,province_2010,38,indigence,fgt1,0.15230410607591638,proportion,327.60613216929613,2151.0,1.0,unit_weight_target_year_sample_research_v1,unit household weight,not_supplied
poverty-estimate-release-2024-q3-province-predictive-v1,2024-Q3,2010,households,province_2010,38,indigence,fgt2,0.1280314906384202,proportion,275.39573636324184,2151.0,1.0,unit_weight_target_year_sample_research_v1,unit household weight,not_supplied
poverty-estimate-release-2024-q3-province-predictive-v1,2024-Q3,2010,households,province_2010,42,poverty,fgt0,0.3563278052215976,proportion,455.38693507320176,1278.0,1.0,unit_weight_target_year_sample_research_v1,unit household weight,not_supplied
poverty-estimate-release-2024-q3-province-predictive-v1,2024-Q3,2010,households,province_2010,42,poverty,fgt1,0.1847810009443497,proportion,236.15011920687894,1278.0,1.0,unit_weight_target_year_sample_research_v1,unit household weight,not_supplied
poverty-estimate-release-2024-q3-province-predictive-v1,2024-Q3,2010,households,province_2010,42,poverty,fgt2,0.13480695054232567,proportion,172.28328279309218,1278.0,1.0,unit_weight_target_year_sample_research_v1,unit household weight,not_supplied
poverty-estimate-release-2024-q3-province-predictive-v1,2024-Q3,2010,households,province_2010,42,indigence,fgt0,0.1547663963126663,proportion,197.79145448758754,1278.0,1.0,unit_weight_target_year_sample_research_v1,unit household weight,not_supplied
poverty-estimate-release-2024-q3-province-predictive-v1,2024-Q3,2010,households,province_2010,42,indigence,fgt1,0.10294037756527079,proportion,131.55780252841606,1278.0,1.0,unit_weight_target_year_sample_research_v1,unit household weight,not_supplied
poverty-estimate-release-2024-q3-province-predictive-v1,2024-Q3,2010,households,province_2010,42,indigence,fgt2,0.08804690836755115,proportion,112.52394889373036,1278.0,1.0,unit_weight_target_year_sample_research_v1,unit household weight,not_supplied
poverty-estimate-release-2024-q3-province-predictive-v1,2024-Q3,2010,households,province_2010,46,poverty,fgt0,0.5035952826517738,proportion,570.0698599618079,1132.0,1.0,unit_weight_target_year_sample_research_v1,unit household weight,not_supplied
poverty-estimate-release-2024-q3-province-predictive-v1,2024-Q3,2010,households,province_2010,46,poverty,fgt1,0.2667355296354841,proportion,301.944619547368,1132.0,1.0,unit_weight_target_year_sample_research_v1,unit household weight,not_supplied
poverty-estimate-release-2024-q3-province-predictive-v1,2024-Q3,2010,households,province_2010,46,poverty,fgt2,0.19295492622180033,proportion,218.42497648307798,1132.0,1.0,unit_weight_target_year_sample_research_v1,unit household weight,not_supplied
poverty-estimate-release-2024-q3-province-predictive-v1,2024-Q3,2010,households,province_2010,46,indigence,fgt0,0.21512407134165404,proportion,243.52044875875237,1132.0,1.0,unit_weight_target_year_sample_research_v1,unit household weight,not_supplied
poverty-estimate-release-2024-q3-province-predictive-v1,2024-Q3,2010,households,province_2010,46,indigence,fgt1,0.13966982018662447,proportion,158.1062364512589,1132.0,1.0,unit_weight_target_year_sample_research_v1,unit household weight,not_supplied
poverty-estimate-release-2024-q3-province-predictive-v1,2024-Q3,2010,households,province_2010,46,indigence,fgt2,0.11787712616093435,proportion,133.4369068141777,1132.0,1.0,unit_weight_target_year_sample_research_v1,unit household weight,not_supplied
poverty-estimate-release-2024-q3-province-predictive-v1,2024-Q3,2010,households,province_2010,50,poverty,fgt0,0.40033659876465993,proportion,2348.7748249522597,5867.0,1.0,unit_weight_target_year_sample_research_v1,unit household weight,not_supplied
poverty-estimate-release-2024-q3-province-predictive-v1,2024-Q3,2010,households,province_2010,50,poverty,fgt1,0.20809823385279372,proportion,1220.9123380143408,5867.0,1.0,unit_weight_target_year_sample_research_v1,unit household weight,not_supplied
poverty-estimate-release-2024-q3-province-predictive-v1,2024-Q3,2010,households,province_2010,50,poverty,fgt2,0.14974269855368594,proportion,878.5404124144753,5867.0,1.0,unit_weight_target_year_sample_research_v1,unit household weight,not_supplied
poverty-estimate-release-2024-q3-province-predictive-v1,2024-Q3,2010,households,province_2010,50,indigence,fgt0,0.16622141427572815,proportion,975.221037555697,5867.0,1.0,unit_weight_target_year_sample_research_v1,unit household weight,not_supplied
poverty-estimate-release-2024-q3-province-predictive-v1,2024-Q3,2010,households,province_2010,50,indigence,fgt1,0.10801425913513998,proportion,633.7196583458663,5867.0,1.0,unit_weight_target_year_sample_research_v1,unit household weight,not_supplied
poverty-estimate-release-2024-q3-province-predictive-v1,2024-Q3,2010,households,province_2010,50,indigence,fgt2,0.09120596190273782,proportion,535.1053784833628,5867.0,1.0,unit_weight_target_year_sample_research_v1,unit household weight,not_supplied
poverty-estimate-release-2024-q3-province-predictive-v1,2024-Q3,2010,households,province_2010,54,poverty,fgt0,0.5188605633704297,proportion,1888.652450668364,3640.0,1.0,unit_weight_target_year_sample_research_v1,unit household weight,not_supplied
poverty-estimate-release-2024-q3-province-predictive-v1,2024-Q3,2010,households,province_2010,54,poverty,fgt1,0.2989010549260559,proportion,1087.9998399308436,3640.0,1.0,unit_weight_target_year_sample_research_v1,unit household weight,not_supplied
poverty-estimate-release-2024-q3-province-predictive-v1,2024-Q3,2010,households,province_2010,54,poverty,fgt2,0.22695785894515702,proportion,826.1266065603716,3640.0,1.0,unit_weight_target_year_sample_research_v1,unit household weight,not_supplied
poverty-estimate-release-2024-q3-province-predictive-v1,2024-Q3,2010,households,province_2010,54,indigence,fgt0,0.281749546204909,proportion,1025.5683481858687,3640.0,1.0,unit_weight_target_year_sample_research_v1,unit household weight,not_supplied
poverty-estimate-release-2024-q3-province-predictive-v1,2024-Q3,2010,households,province_2010,54,indigence,fgt1,0.18520933661526287,proportion,674.1619852795568,3640.0,1.0,unit_weight_target_year_sample_research_v1,unit household weight,not_supplied
poverty-estimate-release-2024-q3-province-predictive-v1,2024-Q3,2010,households,province_2010,54,indigence,fgt2,0.156312964047499,proportion,568.9791891328964,3640.0,1.0,unit_weight_target_year_sample_research_v1,unit household weight,not_supplied
poverty-estimate-release-2024-q3-province-predictive-v1,2024-Q3,2010,households,province_2010,58,poverty,fgt0,0.4753263920049068,proportion,1043.8167568427752,2196.0,1.0,unit_weight_target_year_sample_research_v1,unit household weight,not_supplied
poverty-estimate-release-2024-q3-province-predictive-v1,2024-Q3,2010,households,province_2010,58,poverty,fgt1,0.24202515177286327,proportion,531.4872332932077,2196.0,1.0,unit_weight_target_year_sample_research_v1,unit household weight,not_supplied
poverty-estimate-release-2024-q3-province-predictive-v1,2024-Q3,2010,households,province_2010,58,poverty,fgt2,0.1701930649158481,proportion,373.7439705552024,2196.0,1.0,unit_weight_target_year_sample_research_v1,unit household weight,not_supplied
poverty-estimate-release-2024-q3-province-predictive-v1,2024-Q3,2010,households,province_2010,58,indigence,fgt0,0.17938204872234573,proportion,393.9229789942712,2196.0,1.0,unit_weight_target_year_sample_research_v1,unit household weight,not_supplied
poverty-estimate-release-2024-q3-province-predictive-v1,2024-Q3,2010,households,province_2010,58,indigence,fgt1,0.11403586755806946,proportion,250.42276515752053,2196.0,1.0,unit_weight_target_year_sample_research_v1,unit household weight,not_supplied
poverty-estimate-release-2024-q3-province-predictive-v1,2024-Q3,2010,households,province_2010,58,indigence,fgt2,0.09532361008178991,proportion,209.33064773961064,2196.0,1.0,unit_weight_target_year_sample_research_v1,unit household weight,not_supplied
poverty-estimate-release-2024-q3-province-predictive-v1,2024-Q3,2010,households,province_2010,62,poverty,fgt0,0.464259180886542,proportion,1117.9361075747931,2408.0,1.0,unit_weight_target_year_sample_research_v1,unit household weight,not_supplied
poverty-estimate-release-2024-q3-province-predictive-v1,2024-Q3,2010,households,province_2010,62,poverty,fgt1,0.23879935003435723,proportion,575.0288348827322,2408.0,1.0,unit_weight_target_year_sample_research_v1,unit household weight,not_supplied
poverty-estimate-release-2024-q3-province-predictive-v1,2024-Q3,2010,households,province_2010,62,poverty,fgt2,0.16933642423220566,proportion,407.76210955115124,2408.0,1.0,unit_weight_target_year_sample_research_v1,unit household weight,not_supplied
poverty-estimate-release-2024-q3-province-predictive-v1,2024-Q3,2010,households,province_2010,62,indigence,fgt0,0.17880177019736884,proportion,430.55466263526415,2408.0,1.0,unit_weight_target_year_sample_research_v1,unit household weight,not_supplied
poverty-estimate-release-2024-q3-province-predictive-v1,2024-Q3,2010,households,province_2010,62,indigence,fgt1,0.11485342213772874,proportion,276.5670405076508,2408.0,1.0,unit_weight_target_year_sample_research_v1,unit household weight,not_supplied
poverty-estimate-release-2024-q3-province-predictive-v1,2024-Q3,2010,households,province_2010,62,indigence,fgt2,0.0965097023859185,proportion,232.39536334529174,2408.0,1.0,unit_weight_target_year_sample_research_v1,unit household weight,not_supplied
poverty-estimate-release-2024-q3-province-predictive-v1,2024-Q3,2010,households,province_2010,66,poverty,fgt0,0.47423733262887074,proportion,1724.326941438574,3636.0,1.0,unit_weight_target_year_sample_research_v1,unit household weight,not_supplied
poverty-estimate-release-2024-q3-province-predictive-v1,2024-Q3,2010,households,province_2010,66,poverty,fgt1,0.26580285738068543,proportion,966.4591894361722,3636.0,1.0,unit_weight_target_year_sample_research_v1,unit household weight,not_supplied
poverty-estimate-release-2024-q3-province-predictive-v1,2024-Q3,2010,households,province_2010,66,poverty,fgt2,0.1983483691368115,proportion,721.1946701814467,3636.0,1.0,unit_weight_target_year_sample_research_v1,unit household weight,not_supplied
poverty-estimate-release-2024-q3-province-predictive-v1,2024-Q3,2010,households,province_2010,66,indigence,fgt0,0.24959485525255262,proportion,907.5268936982814,3636.0,1.0,unit_weight_target_year_sample_research_v1,unit household weight,not_supplied
poverty-estimate-release-2024-q3-province-predictive-v1,2024-Q3,2010,households,province_2010,66,indigence,fgt1,0.1596729301658121,proportion,580.5707740828929,3636.0,1.0,unit_weight_target_year_sample_research_v1,unit household weight,not_supplied
poverty-estimate-release-2024-q3-province-predictive-v1,2024-Q3,2010,households,province_2010,66,indigence,fgt2,0.13323516123169463,proportion,484.44304623844164,3636.0,1.0,unit_weight_target_year_sample_research_v1,unit household weight,not_supplied
poverty-estimate-release-2024-q3-province-predictive-v1,2024-Q3,2010,households,province_2010,70,poverty,fgt0,0.4994347197371065,proportion,1056.8038669637174,2116.0,1.0,unit_weight_target_year_sample_research_v1,unit household weight,not_supplied
poverty-estimate-release-2024-q3-province-predictive-v1,2024-Q3,2010,households,province_2010,70,poverty,fgt1,0.268643808406654,proportion,568.4502985884799,2116.0,1.0,unit_weight_target_year_sample_research_v1,unit household weight,not_supplied
poverty-estimate-release-2024-q3-province-predictive-v1,2024-Q3,2010,households,province_2010,70,poverty,fgt2,0.19408960085388913,proportion,410.6935954068294,2116.0,1.0,unit_weight_target_year_sample_research_v1,unit household weight,not_supplied
poverty-estimate-release-2024-q3-province-predictive-v1,2024-Q3,2010,households,province_2010,70,indigence,fgt0,0.21982212604640583,proportion,465.14361871419476,2116.0,1.0,unit_weight_target_year_sample_research_v1,unit household weight,not_supplied
poverty-estimate-release-2024-q3-province-predictive-v1,2024-Q3,2010,households,province_2010,70,indigence,fgt1,0.13895396569599935,proportion,294.02659141273466,2116.0,1.0,unit_weight_target_year_sample_research_v1,unit household weight,not_supplied
poverty-estimate-release-2024-q3-province-predictive-v1,2024-Q3,2010,households,province_2010,70,indigence,fgt2,0.1155322614067139,proportion,244.4662651366066,2116.0,1.0,unit_weight_target_year_sample_research_v1,unit household weight,not_supplied
poverty-estimate-release-2024-q3-province-predictive-v1,2024-Q3,2010,households,province_2010,74,poverty,fgt0,0.4307429804087984,proportion,678.4201941438574,1575.0,1.0,unit_weight_target_year_sample_research_v1,unit household weight,not_supplied
poverty-estimate-release-2024-q3-province-predictive-v1,2024-Q3,2010,households,province_2010,74,poverty,fgt1,0.2301727691313686,proportion,362.5221113819056,1575.0,1.0,unit_weight_target_year_sample_research_v1,unit household weight,not_supplied
poverty-estimate-release-2024-q3-province-predictive-v1,2024-Q3,2010,households,province_2010,74,poverty,fgt2,0.16842073628611204,proportion,265.26265965062646,1575.0,1.0,unit_weight_target_year_sample_research_v1,unit household weight,not_supplied
poverty-estimate-release-2024-q3-province-predictive-v1,2024-Q3,2010,households,province_2010,74,indigence,fgt0,0.1871065846240894,proportion,294.6928707829408,1575.0,1.0,unit_weight_target_year_sample_research_v1,unit household weight,not_supplied
poverty-estimate-release-2024-q3-province-predictive-v1,2024-Q3,2010,households,province_2010,74,indigence,fgt1,0.12395490395974886,proportion,195.22897373660444,1575.0,1.0,unit_weight_target_year_sample_research_v1,unit household weight,not_supplied
poverty-estimate-release-2024-q3-province-predictive-v1,2024-Q3,2010,households,province_2010,74,indigence,fgt2,0.10562227855269539,proportion,166.35508872049525,1575.0,1.0,unit_weight_target_year_sample_research_v1,unit household weight,not_supplied
poverty-estimate-release-2024-q3-province-predictive-v1,2024-Q3,2010,households,province_2010,78,poverty,fgt0,0.43742298895655085,proportion,531.0315085932527,1214.0,1.0,unit_weight_target_year_sample_research_v1,unit household weight,not_supplied
poverty-estimate-release-2024-q3-province-predictive-v1,2024-Q3,2010,households,province_2010,78,poverty,fgt1,0.21368153553144878,proportion,259.4093841351788,1214.0,1.0,unit_weight_target_year_sample_research_v1,unit household weight,not_supplied
poverty-estimate-release-2024-q3-province-predictive-v1,2024-Q3,2010,households,province_2010,78,poverty,fgt2,0.14759114397194428,proportion,179.17564878194037,1214.0,1.0,unit_weight_target_year_sample_research_v1,unit household weight,not_supplied
poverty-estimate-release-2024-q3-province-predictive-v1,2024-Q3,2010,households,province_2010,78,indigence,fgt0,0.1531653963886212,proportion,185.94279121578614,1214.0,1.0,unit_weight_target_year_sample_research_v1,unit household weight,not_supplied
poverty-estimate-release-2024-q3-province-predictive-v1,2024-Q3,2010,households,province_2010,78,indigence,fgt1,0.09740765864541241,proportion,118.25289759553067,1214.0,1.0,unit_weight_target_year_sample_research_v1,unit household weight,not_supplied
poverty-estimate-release-2024-q3-province-predictive-v1,2024-Q3,2010,households,province_2010,78,indigence,fgt2,0.0815191060839012,proportion,98.96419478585605,1214.0,1.0,unit_weight_target_year_sample_research_v1,unit household weight,not_supplied
poverty-estimate-release-2024-q3-province-predictive-v1,2024-Q3,2010,households,province_2010,82,poverty,fgt0,0.3921597601484897,proportion,4573.367122851687,11662.0,1.0,unit_weight_target_year_sample_research_v1,unit household weight,not_supplied
poverty-estimate-release-2024-q3-province-predictive-v1,2024-Q3,2010,households,province_2010,82,poverty,fgt1,0.20806464844753084,proportion,2426.4499301951046,11662.0,1.0,unit_weight_target_year_sample_research_v1,unit household weight,not_supplied
poverty-estimate-release-2024-q3-province-predictive-v1,2024-Q3,2010,households,province_2010,82,poverty,fgt2,0.15242216960057578,proportion,1777.5473418819147,11662.0,1.0,unit_weight_target_year_sample_research_v1,unit household weight,not_supplied
poverty-estimate-release-2024-q3-province-predictive-v1,2024-Q3,2010,households,province_2010,82,indigence,fgt0,0.17745327875626016,proportion,2069.460136855506,11662.0,1.0,unit_weight_target_year_sample_research_v1,unit household weight,not_supplied
poverty-estimate-release-2024-q3-province-predictive-v1,2024-Q3,2010,households,province_2010,82,indigence,fgt1,0.11636051409050273,proportion,1356.9963153234428,11662.0,1.0,unit_weight_target_year_sample_research_v1,unit household weight,not_supplied
poverty-estimate-release-2024-q3-province-predictive-v1,2024-Q3,2010,households,province_2010,82,indigence,fgt2,0.09864334597850098,proportion,1150.3787008012785,11662.0,1.0,unit_weight_target_year_sample_research_v1,unit household weight,not_supplied
poverty-estimate-release-2024-q3-province-predictive-v1,2024-Q3,2010,households,province_2010,86,poverty,fgt0,0.5252670670165944,proportion,1362.0175047740295,2593.0,1.0,unit_weight_target_year_sample_research_v1,unit household weight,not_supplied
poverty-estimate-release-2024-q3-province-predictive-v1,2024-Q3,2010,households,province_2010,86,poverty,fgt1,0.3048016039807446,proportion,790.3505591220706,2593.0,1.0,unit_weight_target_year_sample_research_v1,unit household weight,not_supplied
poverty-estimate-release-2024-q3-province-predictive-v1,2024-Q3,2010,households,province_2010,86,poverty,fgt2,0.23159009092539037,proportion,600.5131057695372,2593.0,1.0,unit_weight_target_year_sample_research_v1,unit household weight,not_supplied
poverty-estimate-release-2024-q3-province-predictive-v1,2024-Q3,2010,households,province_2010,86,indigence,fgt0,0.2905290169415134,proportion,753.3417409293443,2593.0,1.0,unit_weight_target_year_sample_research_v1,unit household weight,not_supplied
poverty-estimate-release-2024-q3-province-predictive-v1,2024-Q3,2010,households,province_2010,86,indigence,fgt1,0.1895459591495443,proportion,491.4926720747684,2593.0,1.0,unit_weight_target_year_sample_research_v1,unit household weight,not_supplied
poverty-estimate-release-2024-q3-province-predictive-v1,2024-Q3,2010,households,province_2010,86,indigence,fgt2,0.15919086763796036,proportion,412.7819197852312,2593.0,1.0,unit_weight_target_year_sample_research_v1,unit household weight,not_supplied
poverty-estimate-release-2024-q3-province-predictive-v1,2024-Q3,2010,households,province_2010,90,poverty,fgt0,0.4341099161418959,proportion,1934.8278962444301,4457.0,1.0,unit_weight_target_year_sample_research_v1,unit household weight,not_supplied
poverty-estimate-release-2024-q3-province-predictive-v1,2024-Q3,2010,households,province_2010,90,poverty,fgt1,0.2371614996625274,proportion,1057.0288039958846,4457.0,1.0,unit_weight_target_year_sample_research_v1,unit household weight,not_supplied
poverty-estimate-release-2024-q3-province-predictive-v1,2024-Q3,2010,households,province_2010,90,poverty,fgt2,0.1754591063338486,proportion,782.0212369299632,4457.0,1.0,unit_weight_target_year_sample_research_v1,unit household weight,not_supplied
poverty-estimate-release-2024-q3-province-predictive-v1,2024-Q3,2010,households,province_2010,90,indigence,fgt0,0.2190465380557722,proportion,976.2904201145767,4457.0,1.0,unit_weight_target_year_sample_research_v1,unit household weight,not_supplied
poverty-estimate-release-2024-q3-province-predictive-v1,2024-Q3,2010,households,province_2010,90,indigence,fgt1,0.14040024249398764,proportion,625.7638807957029,4457.0,1.0,unit_weight_target_year_sample_research_v1,unit household weight,not_supplied
poverty-estimate-release-2024-q3-province-predictive-v1,2024-Q3,2010,households,province_2010,90,indigence,fgt2,0.11750643060106045,proportion,523.7261611889264,4457.0,1.0,unit_weight_target_year_sample_research_v1,unit household weight,not_supplied
poverty-estimate-release-2024-q3-province-predictive-v1,2024-Q3,2010,households,province_2010,94,poverty,fgt0,0.3876628662201517,proportion,219.02951941438573,565.0,1.0,unit_weight_target_year_sample_research_v1,unit household weight,not_supplied
poverty-estimate-release-2024-q3-province-predictive-v1,2024-Q3,2010,households,province_2010,94,poverty,fgt1,0.1797412575746123,proportion,101.55381052965595,565.0,1.0,unit_weight_target_year_sample_research_v1,unit household weight,not_supplied
poverty-estimate-release-2024-q3-province-predictive-v1,2024-Q3,2010,households,province_2010,94,poverty,fgt2,0.12046150243393784,proportion,68.06074887517488,565.0,1.0,unit_weight_target_year_sample_research_v1,unit household weight,not_supplied
poverty-estimate-release-2024-q3-province-predictive-v1,2024-Q3,2010,households,province_2010,94,indigence,fgt0,0.12308419190752748,proportion,69.54256842775303,565.0,1.0,unit_weight_target_year_sample_research_v1,unit household weight,not_supplied
poverty-estimate-release-2024-q3-province-predictive-v1,2024-Q3,2010,households,province_2010,94,indigence,fgt1,0.07610305048526388,proportion,42.998223524174094,565.0,1.0,unit_weight_target_year_sample_research_v1,unit household weight,not_supplied
poverty-estimate-release-2024-q3-province-predictive-v1,2024-Q3,2010,households,province_2010,94,indigence,fgt2,0.06316600198975617,proportion,35.68879112421223,565.0,1.0,unit_weight_target_year_sample_research_v1,unit household weight,not_supplied
poverty-estimate-release-2024-q3-province-predictive-v1,2024-Q3,2010,households,national,ARG,poverty,fgt0,0.40528469333560097,proportion,57494.902450668356,141863.0,1.0,unit_weight_target_year_sample_research_v1,unit household weight,not_supplied
poverty-estimate-release-2024-q3-province-predictive-v1,2024-Q3,2010,households,national,ARG,poverty,fgt1,0.2157594009231789,proportion,30608.27589316493,141863.0,1.0,unit_weight_target_year_sample_research_v1,unit household weight,not_supplied
poverty-estimate-release-2024-q3-province-predictive-v1,2024-Q3,2010,households,national,ARG,poverty,fgt2,0.15759586437934295,proportion,22357.02210844673,141863.0,1.0,unit_weight_target_year_sample_research_v1,unit household weight,not_supplied
poverty-estimate-release-2024-q3-province-predictive-v1,2024-Q3,2010,households,national,ARG,indigence,fgt0,0.1852312676282166,proportion,26277.46331954169,141863.0,1.0,unit_weight_target_year_sample_research_v1,unit household weight,not_supplied
poverty-estimate-release-2024-q3-province-predictive-v1,2024-Q3,2010,households,national,ARG,indigence,fgt1,0.11993872764975312,proportion,17014.867720576927,141863.0,1.0,unit_weight_target_year_sample_research_v1,unit household weight,not_supplied
poverty-estimate-release-2024-q3-province-predictive-v1,2024-Q3,2010,households,national,ARG,indigence,fgt2,0.10101439344659094,proportion,14330.20489751373,141863.0,1.0,unit_weight_target_year_sample_research_v1,unit household weight,not_supplied
poverty-estimate-release-2024-q3-province-predictive-v1,2024-Q3,2010,persons,province_2010,02,poverty,fgt0,0.24366279660300094,proportion,7598.380649267981,31184.0,1.0,unit_weight_target_year_sample_research_v1,unit weight; persons inherit household predictive contribution by exact membership count,not_supplied
poverty-estimate-release-2024-q3-province-predictive-v1,2024-Q3,2010,persons,province_2010,02,poverty,fgt1,0.11374243859946115,proportion,3546.9442052855966,31184.0,1.0,unit_weight_target_year_sample_research_v1,unit weight; persons inherit household predictive contribution by exact membership count,not_supplied
poverty-estimate-release-2024-q3-province-predictive-v1,2024-Q3,2010,persons,province_2010,02,poverty,fgt2,0.07704001692273753,proportion,2402.415887718647,31184.0,1.0,unit_weight_target_year_sample_research_v1,unit weight; persons inherit household predictive contribution by exact membership count,not_supplied
poverty-estimate-release-2024-q3-province-predictive-v1,2024-Q3,2010,persons,province_2010,02,indigence,fgt0,0.0892174099833795,proportion,2782.1557129217063,31184.0,1.0,unit_weight_target_year_sample_research_v1,unit weight; persons inherit household predictive contribution by exact membership count,not_supplied
poverty-estimate-release-2024-q3-province-predictive-v1,2024-Q3,2010,persons,province_2010,02,indigence,fgt1,0.054039154039117625,proportion,1685.156979555844,31184.0,1.0,unit_weight_target_year_sample_research_v1,unit weight; persons inherit household predictive contribution by exact membership count,not_supplied
poverty-estimate-release-2024-q3-province-predictive-v1,2024-Q3,2010,persons,province_2010,02,indigence,fgt2,0.04450466972683929,proportion,1387.8336207617563,31184.0,1.0,unit_weight_target_year_sample_research_v1,unit weight; persons inherit household predictive contribution by exact membership count,not_supplied
poverty-estimate-release-2024-q3-province-predictive-v1,2024-Q3,2010,persons,province_2010,06,poverty,fgt0,0.47466426099929365,proportion,86007.26543602801,181196.0,1.0,unit_weight_target_year_sample_research_v1,unit weight; persons inherit household predictive contribution by exact membership count,not_supplied
poverty-estimate-release-2024-q3-province-predictive-v1,2024-Q3,2010,persons,province_2010,06,poverty,fgt1,0.2352723079943563,proportion,42630.401119345384,181196.0,1.0,unit_weight_target_year_sample_research_v1,unit weight; persons inherit household predictive contribution by exact membership count,not_supplied
poverty-estimate-release-2024-q3-province-predictive-v1,2024-Q3,2010,persons,province_2010,06,poverty,fgt2,0.16004972905849355,proportion,29000.370706482798,181196.0,1.0,unit_weight_target_year_sample_research_v1,unit weight; persons inherit household predictive contribution by exact membership count,not_supplied
poverty-estimate-release-2024-q3-province-predictive-v1,2024-Q3,2010,persons,province_2010,06,indigence,fgt0,0.19594266810177832,proportion,35504.027689369825,181196.0,1.0,unit_weight_target_year_sample_research_v1,unit weight; persons inherit household predictive contribution by exact membership count,not_supplied
poverty-estimate-release-2024-q3-province-predictive-v1,2024-Q3,2010,persons,province_2010,06,indigence,fgt1,0.11023992170576069,proportion,19975.032853397013,181196.0,1.0,unit_weight_target_year_sample_research_v1,unit weight; persons inherit household predictive contribution by exact membership count,not_supplied
poverty-estimate-release-2024-q3-province-predictive-v1,2024-Q3,2010,persons,province_2010,06,indigence,fgt2,0.08575146650316713,proportion,15537.82272450787,181196.0,1.0,unit_weight_target_year_sample_research_v1,unit weight; persons inherit household predictive contribution by exact membership count,not_supplied
poverty-estimate-release-2024-q3-province-predictive-v1,2024-Q3,2010,persons,province_2010,10,poverty,fgt0,0.5116719306631153,proportion,2132.1369350732016,4167.0,1.0,unit_weight_target_year_sample_research_v1,unit weight; persons inherit household predictive contribution by exact membership count,not_supplied
poverty-estimate-release-2024-q3-province-predictive-v1,2024-Q3,2010,persons,province_2010,10,poverty,fgt1,0.2615159723627068,proportion,1089.7370568353992,4167.0,1.0,unit_weight_target_year_sample_research_v1,unit weight; persons inherit household predictive contribution by exact membership count,not_supplied
poverty-estimate-release-2024-q3-province-predictive-v1,2024-Q3,2010,persons,province_2010,10,poverty,fgt2,0.1823886381812743,proportion,760.01345530137,4167.0,1.0,unit_weight_target_year_sample_research_v1,unit weight; persons inherit household predictive contribution by exact membership count,not_supplied
poverty-estimate-release-2024-q3-province-predictive-v1,2024-Q3,2010,persons,province_2010,10,indigence,fgt0,0.2382559872613119,proportion,992.8126989178867,4167.0,1.0,unit_weight_target_year_sample_research_v1,unit weight; persons inherit household predictive contribution by exact membership count,not_supplied
poverty-estimate-release-2024-q3-province-predictive-v1,2024-Q3,2010,persons,province_2010,10,indigence,fgt1,0.13690035982517185,proportion,570.4637993914911,4167.0,1.0,unit_weight_target_year_sample_research_v1,unit weight; persons inherit household predictive contribution by exact membership count,not_supplied
poverty-estimate-release-2024-q3-province-predictive-v1,2024-Q3,2010,persons,province_2010,10,indigence,fgt2,0.10806612706099807,proportion,450.31155146317894,4167.0,1.0,unit_weight_target_year_sample_research_v1,unit weight; persons inherit household predictive contribution by exact membership count,not_supplied
poverty-estimate-release-2024-q3-province-predictive-v1,2024-Q3,2010,persons,province_2010,14,poverty,fgt0,0.4773914242129346,proportion,18480.776814131124,38712.0,1.0,unit_weight_target_year_sample_research_v1,unit weight; persons inherit household predictive contribution by exact membership count,not_supplied
poverty-estimate-release-2024-q3-province-predictive-v1,2024-Q3,2010,persons,province_2010,14,poverty,fgt1,0.2384799298046327,proportion,9232.035042596941,38712.0,1.0,unit_weight_target_year_sample_research_v1,unit weight; persons inherit household predictive contribution by exact membership count,not_supplied
poverty-estimate-release-2024-q3-province-predictive-v1,2024-Q3,2010,persons,province_2010,14,poverty,fgt2,0.16428010552045996,proportion,6359.611444908046,38712.0,1.0,unit_weight_target_year_sample_research_v1,unit weight; persons inherit household predictive contribution by exact membership count,not_supplied
poverty-estimate-release-2024-q3-province-predictive-v1,2024-Q3,2010,persons,province_2010,14,indigence,fgt0,0.19886101895418207,proportion,7698.307765754296,38712.0,1.0,unit_weight_target_year_sample_research_v1,unit weight; persons inherit household predictive contribution by exact membership count,not_supplied
poverty-estimate-release-2024-q3-province-predictive-v1,2024-Q3,2010,persons,province_2010,14,indigence,fgt1,0.11549922651642999,proportion,4471.206056904038,38712.0,1.0,unit_weight_target_year_sample_research_v1,unit weight; persons inherit household predictive contribution by exact membership count,not_supplied
poverty-estimate-release-2024-q3-province-predictive-v1,2024-Q3,2010,persons,province_2010,14,indigence,fgt2,0.09166574026353985,proportion,3548.564137082155,38712.0,1.0,unit_weight_target_year_sample_research_v1,unit weight; persons inherit household predictive contribution by exact membership count,not_supplied
poverty-estimate-release-2024-q3-province-predictive-v1,2024-Q3,2010,persons,province_2010,18,poverty,fgt0,0.5965229373508254,proportion,6900.577339274348,11568.0,1.0,unit_weight_target_year_sample_research_v1,unit weight; persons inherit household predictive contribution by exact membership count,not_supplied
poverty-estimate-release-2024-q3-province-predictive-v1,2024-Q3,2010,persons,province_2010,18,poverty,fgt1,0.3284369570233793,proportion,3799.358718846451,11568.0,1.0,unit_weight_target_year_sample_research_v1,unit weight; persons inherit household predictive contribution by exact membership count,not_supplied
poverty-estimate-release-2024-q3-province-predictive-v1,2024-Q3,2010,persons,province_2010,18,poverty,fgt2,0.2370199594233067,proportion,2741.846890608812,11568.0,1.0,unit_weight_target_year_sample_research_v1,unit weight; persons inherit household predictive contribution by exact membership count,not_supplied
poverty-estimate-release-2024-q3-province-predictive-v1,2024-Q3,2010,persons,province_2010,18,indigence,fgt0,0.31266727811218725,proportion,3616.9350732017824,11568.0,1.0,unit_weight_target_year_sample_research_v1,unit weight; persons inherit household predictive contribution by exact membership count,not_supplied
poverty-estimate-release-2024-q3-province-predictive-v1,2024-Q3,2010,persons,province_2010,18,indigence,fgt1,0.18310113191161612,proportion,2118.1138939535754,11568.0,1.0,unit_weight_target_year_sample_research_v1,unit weight; persons inherit household predictive contribution by exact membership count,not_supplied
poverty-estimate-release-2024-q3-province-predictive-v1,2024-Q3,2010,persons,province_2010,18,indigence,fgt2,0.14440755726986657,proportion,1670.5066224978164,11568.0,1.0,unit_weight_target_year_sample_research_v1,unit weight; persons inherit household predictive contribution by exact membership count,not_supplied
poverty-estimate-release-2024-q3-province-predictive-v1,2024-Q3,2010,persons,province_2010,22,poverty,fgt0,0.6139053406203776,proportion,7713.106699554424,12564.0,1.0,unit_weight_target_year_sample_research_v1,unit weight; persons inherit household predictive contribution by exact membership count,not_supplied
poverty-estimate-release-2024-q3-province-predictive-v1,2024-Q3,2010,persons,province_2010,22,poverty,fgt1,0.34765916493162197,proportion,4367.989748200898,12564.0,1.0,unit_weight_target_year_sample_research_v1,unit weight; persons inherit household predictive contribution by exact membership count,not_supplied
poverty-estimate-release-2024-q3-province-predictive-v1,2024-Q3,2010,persons,province_2010,22,poverty,fgt2,0.2552802386355558,proportion,3207.3409182171235,12564.0,1.0,unit_weight_target_year_sample_research_v1,unit weight; persons inherit household predictive contribution by exact membership count,not_supplied
poverty-estimate-release-2024-q3-province-predictive-v1,2024-Q3,2010,persons,province_2010,22,indigence,fgt0,0.3344720923207994,proportion,4202.307367918524,12564.0,1.0,unit_weight_target_year_sample_research_v1,unit weight; persons inherit household predictive contribution by exact membership count,not_supplied
poverty-estimate-release-2024-q3-province-predictive-v1,2024-Q3,2010,persons,province_2010,22,indigence,fgt1,0.20058198778230418,proportion,2520.1120944968698,12564.0,1.0,unit_weight_target_year_sample_research_v1,unit weight; persons inherit household predictive contribution by exact membership count,not_supplied
poverty-estimate-release-2024-q3-province-predictive-v1,2024-Q3,2010,persons,province_2010,22,indigence,fgt2,0.1604074517068742,proportion,2015.3592232451674,12564.0,1.0,unit_weight_target_year_sample_research_v1,unit weight; persons inherit household predictive contribution by exact membership count,not_supplied
poverty-estimate-release-2024-q3-province-predictive-v1,2024-Q3,2010,persons,province_2010,26,poverty,fgt0,0.533205468181944,proportion,3372.524586250796,6325.0,1.0,unit_weight_target_year_sample_research_v1,unit weight; persons inherit household predictive contribution by exact membership count,not_supplied
poverty-estimate-release-2024-q3-province-predictive-v1,2024-Q3,2010,persons,province_2010,26,poverty,fgt1,0.25397732176264937,proportion,1606.4065601487573,6325.0,1.0,unit_weight_target_year_sample_research_v1,unit weight; persons inherit household predictive contribution by exact membership count,not_supplied
poverty-estimate-release-2024-q3-province-predictive-v1,2024-Q3,2010,persons,province_2010,26,poverty,fgt2,0.16740054487430864,proportion,1058.8084463300022,6325.0,1.0,unit_weight_target_year_sample_research_v1,unit weight; persons inherit household predictive contribution by exact membership count,not_supplied
poverty-estimate-release-2024-q3-province-predictive-v1,2024-Q3,2010,persons,province_2010,26,indigence,fgt0,0.17688260290895005,proportion,1118.782463399109,6325.0,1.0,unit_weight_target_year_sample_research_v1,unit weight; persons inherit household predictive contribution by exact membership count,not_supplied
poverty-estimate-release-2024-q3-province-predictive-v1,2024-Q3,2010,persons,province_2010,26,indigence,fgt1,0.0996314209111648,proportion,630.1687372631174,6325.0,1.0,unit_weight_target_year_sample_research_v1,unit weight; persons inherit household predictive contribution by exact membership count,not_supplied
poverty-estimate-release-2024-q3-province-predictive-v1,2024-Q3,2010,persons,province_2010,26,indigence,fgt2,0.07801951072558776,proportion,493.4734053393426,6325.0,1.0,unit_weight_target_year_sample_research_v1,unit weight; persons inherit household predictive contribution by exact membership count,not_supplied
poverty-estimate-release-2024-q3-province-predictive-v1,2024-Q3,2010,persons,province_2010,30,poverty,fgt0,0.5564583612260191,proportion,7733.101845957988,13897.0,1.0,unit_weight_target_year_sample_research_v1,unit weight; persons inherit household predictive contribution by exact membership count,not_supplied
poverty-estimate-release-2024-q3-province-predictive-v1,2024-Q3,2010,persons,province_2010,30,poverty,fgt1,0.2899712291463833,proportion,4029.7301714472887,13897.0,1.0,unit_weight_target_year_sample_research_v1,unit weight; persons inherit household predictive contribution by exact membership count,not_supplied
poverty-estimate-release-2024-q3-province-predictive-v1,2024-Q3,2010,persons,province_2010,30,poverty,fgt2,0.2020133490014678,proportion,2807.379511073398,13897.0,1.0,unit_weight_target_year_sample_research_v1,unit weight; persons inherit household predictive contribution by exact membership count,not_supplied
poverty-estimate-release-2024-q3-province-predictive-v1,2024-Q3,2010,persons,province_2010,30,indigence,fgt0,0.25053007172391845,proportion,3481.6164067472946,13897.0,1.0,unit_weight_target_year_sample_research_v1,unit weight; persons inherit household predictive contribution by exact membership count,not_supplied
poverty-estimate-release-2024-q3-province-predictive-v1,2024-Q3,2010,persons,province_2010,30,indigence,fgt1,0.1423575596825645,proportion,1978.3430069085987,13897.0,1.0,unit_weight_target_year_sample_research_v1,unit weight; persons inherit household predictive contribution by exact membership count,not_supplied
poverty-estimate-release-2024-q3-province-predictive-v1,2024-Q3,2010,persons,province_2010,30,indigence,fgt2,0.11137934361264731,proportion,1547.8387381849598,13897.0,1.0,unit_weight_target_year_sample_research_v1,unit weight; persons inherit household predictive contribution by exact membership count,not_supplied
poverty-estimate-release-2024-q3-province-predictive-v1,2024-Q3,2010,persons,province_2010,34,poverty,fgt0,0.6468640378495565,proportion,4335.282781667727,6702.0,1.0,unit_weight_target_year_sample_research_v1,unit weight; persons inherit household predictive contribution by exact membership count,not_supplied
poverty-estimate-release-2024-q3-province-predictive-v1,2024-Q3,2010,persons,province_2010,34,poverty,fgt1,0.3765756245742701,proportion,2523.809835896758,6702.0,1.0,unit_weight_target_year_sample_research_v1,unit weight; persons inherit household predictive contribution by exact membership count,not_supplied
poverty-estimate-release-2024-q3-province-predictive-v1,2024-Q3,2010,persons,province_2010,34,poverty,fgt2,0.2796432988597695,proportion,1874.1693889581752,6702.0,1.0,unit_weight_target_year_sample_research_v1,unit weight; persons inherit household predictive contribution by exact membership count,not_supplied
poverty-estimate-release-2024-q3-province-predictive-v1,2024-Q3,2010,persons,province_2010,34,indigence,fgt0,0.3683589681562322,proportion,2468.741804583068,6702.0,1.0,unit_weight_target_year_sample_research_v1,unit weight; persons inherit household predictive contribution by exact membership count,not_supplied
poverty-estimate-release-2024-q3-province-predictive-v1,2024-Q3,2010,persons,province_2010,34,indigence,fgt1,0.2222825531493829,proportion,1489.737671207164,6702.0,1.0,unit_weight_target_year_sample_research_v1,unit weight; persons inherit household predictive contribution by exact membership count,not_supplied
poverty-estimate-release-2024-q3-province-predictive-v1,2024-Q3,2010,persons,province_2010,34,indigence,fgt2,0.17719796133024068,proportion,1187.580736835273,6702.0,1.0,unit_weight_target_year_sample_research_v1,unit weight; persons inherit household predictive contribution by exact membership count,not_supplied
poverty-estimate-release-2024-q3-province-predictive-v1,2024-Q3,2010,persons,province_2010,38,poverty,fgt0,0.5445044018454664,proportion,4512.852482495226,8288.0,1.0,unit_weight_target_year_sample_research_v1,unit weight; persons inherit household predictive contribution by exact membership count,not_supplied
poverty-estimate-release-2024-q3-province-predictive-v1,2024-Q3,2010,persons,province_2010,38,poverty,fgt1,0.2797361140489674,proportion,2318.452913237842,8288.0,1.0,unit_weight_target_year_sample_research_v1,unit weight; persons inherit household predictive contribution by exact membership count,not_supplied
poverty-estimate-release-2024-q3-province-predictive-v1,2024-Q3,2010,persons,province_2010,38,poverty,fgt2,0.19404308036339524,proportion,1608.2290500518197,8288.0,1.0,unit_weight_target_year_sample_research_v1,unit weight; persons inherit household predictive contribution by exact membership count,not_supplied
poverty-estimate-release-2024-q3-province-predictive-v1,2024-Q3,2010,persons,province_2010,38,indigence,fgt0,0.25636563158195474,proportion,2124.758354551241,8288.0,1.0,unit_weight_target_year_sample_research_v1,unit weight; persons inherit household predictive contribution by exact membership count,not_supplied
poverty-estimate-release-2024-q3-province-predictive-v1,2024-Q3,2010,persons,province_2010,38,indigence,fgt1,0.14446017477309647,proportion,1197.2859285194236,8288.0,1.0,unit_weight_target_year_sample_research_v1,unit weight; persons inherit household predictive contribution by exact membership count,not_supplied
poverty-estimate-release-2024-q3-province-predictive-v1,2024-Q3,2010,persons,province_2010,38,indigence,fgt2,0.11247716018660613,proportion,932.2107036265916,8288.0,1.0,unit_weight_target_year_sample_research_v1,unit weight; persons inherit household predictive contribution by exact membership count,not_supplied
poverty-estimate-release-2024-q3-province-predictive-v1,2024-Q3,2010,persons,province_2010,42,poverty,fgt0,0.4255539075298531,proportion,1600.9338001273074,3762.0,1.0,unit_weight_target_year_sample_research_v1,unit weight; persons inherit household predictive contribution by exact membership count,not_supplied
poverty-estimate-release-2024-q3-province-predictive-v1,2024-Q3,2010,persons,province_2010,42,poverty,fgt1,0.20709239140744162,proportion,779.0815764747954,3762.0,1.0,unit_weight_target_year_sample_research_v1,unit weight; persons inherit household predictive contribution by exact membership count,not_supplied
poverty-estimate-release-2024-q3-province-predictive-v1,2024-Q3,2010,persons,province_2010,42,poverty,fgt2,0.1415528047959259,proportion,532.5216516422732,3762.0,1.0,unit_weight_target_year_sample_research_v1,unit weight; persons inherit household predictive contribution by exact membership count,not_supplied
poverty-estimate-release-2024-q3-province-predictive-v1,2024-Q3,2010,persons,province_2010,42,indigence,fgt0,0.1683969456026309,proportion,633.5093093570974,3762.0,1.0,unit_weight_target_year_sample_research_v1,unit weight; persons inherit household predictive contribution by exact membership count,not_supplied
poverty-estimate-release-2024-q3-province-predictive-v1,2024-Q3,2010,persons,province_2010,42,indigence,fgt1,0.09894705217453395,proportion,372.23881028059674,3762.0,1.0,unit_weight_target_year_sample_research_v1,unit weight; persons inherit household predictive contribution by exact membership count,not_supplied
poverty-estimate-release-2024-q3-province-predictive-v1,2024-Q3,2010,persons,province_2010,42,indigence,fgt2,0.07944381155275963,proportion,298.8676190614817,3762.0,1.0,unit_weight_target_year_sample_research_v1,unit weight; persons inherit household predictive contribution by exact membership count,not_supplied
poverty-estimate-release-2024-q3-province-predictive-v1,2024-Q3,2010,persons,province_2010,46,poverty,fgt0,0.5755224262936456,proportion,2359.641947803947,4100.0,1.0,unit_weight_target_year_sample_research_v1,unit weight; persons inherit household predictive contribution by exact membership count,not_supplied
poverty-estimate-release-2024-q3-province-predictive-v1,2024-Q3,2010,persons,province_2010,46,poverty,fgt1,0.2881071865639534,proportion,1181.2394649122089,4100.0,1.0,unit_weight_target_year_sample_research_v1,unit weight; persons inherit household predictive contribution by exact membership count,not_supplied
poverty-estimate-release-2024-q3-province-predictive-v1,2024-Q3,2010,persons,province_2010,46,poverty,fgt2,0.19647263188119263,proportion,805.5377907128898,4100.0,1.0,unit_weight_target_year_sample_research_v1,unit weight; persons inherit household predictive contribution by exact membership count,not_supplied
poverty-estimate-release-2024-q3-province-predictive-v1,2024-Q3,2010,persons,province_2010,46,indigence,fgt0,0.2241838932790983,proportion,919.153962444303,4100.0,1.0,unit_weight_target_year_sample_research_v1,unit weight; persons inherit household predictive contribution by exact membership count,not_supplied
poverty-estimate-release-2024-q3-province-predictive-v1,2024-Q3,2010,persons,province_2010,46,indigence,fgt1,0.12961136816461966,proportion,531.4066094749406,4100.0,1.0,unit_weight_target_year_sample_research_v1,unit weight; persons inherit household predictive contribution by exact membership count,not_supplied
poverty-estimate-release-2024-q3-province-predictive-v1,2024-Q3,2010,persons,province_2010,46,indigence,fgt2,0.10274048023277323,proportion,421.2359689543702,4100.0,1.0,unit_weight_target_year_sample_research_v1,unit weight; persons inherit household predictive contribution by exact membership count,not_supplied
poverty-estimate-release-2024-q3-province-predictive-v1,2024-Q3,2010,persons,province_2010,50,poverty,fgt0,0.4738008731237232,proportion,9739.450747931254,20556.0,1.0,unit_weight_target_year_sample_research_v1,unit weight; persons inherit household predictive contribution by exact membership count,not_supplied
poverty-estimate-release-2024-q3-province-predictive-v1,2024-Q3,2010,persons,province_2010,50,poverty,fgt1,0.23526771287733103,proportion,4836.163105906417,20556.0,1.0,unit_weight_target_year_sample_research_v1,unit weight; persons inherit household predictive contribution by exact membership count,not_supplied
poverty-estimate-release-2024-q3-province-predictive-v1,2024-Q3,2010,persons,province_2010,50,poverty,fgt2,0.16094860101319416,proportion,3308.459442427219,20556.0,1.0,unit_weight_target_year_sample_research_v1,unit weight; persons inherit household predictive contribution by exact membership count,not_supplied
poverty-estimate-release-2024-q3-province-predictive-v1,2024-Q3,2010,persons,province_2010,50,indigence,fgt0,0.18284522081178256,proportion,3758.566359007002,20556.0,1.0,unit_weight_target_year_sample_research_v1,unit weight; persons inherit household predictive contribution by exact membership count,not_supplied
poverty-estimate-release-2024-q3-province-predictive-v1,2024-Q3,2010,persons,province_2010,50,indigence,fgt1,0.1070278754351834,proportion,2200.06500744563,20556.0,1.0,unit_weight_target_year_sample_research_v1,unit weight; persons inherit household predictive contribution by exact membership count,not_supplied
poverty-estimate-release-2024-q3-province-predictive-v1,2024-Q3,2010,persons,province_2010,50,indigence,fgt2,0.08533480949509988,proportion,1754.142343981273,20556.0,1.0,unit_weight_target_year_sample_research_v1,unit weight; persons inherit household predictive contribution by exact membership count,not_supplied
poverty-estimate-release-2024-q3-province-predictive-v1,2024-Q3,2010,persons,province_2010,54,poverty,fgt0,0.6117923228882074,proportion,8172.321849140674,13358.0,1.0,unit_weight_target_year_sample_research_v1,unit weight; persons inherit household predictive contribution by exact membership count,not_supplied
poverty-estimate-release-2024-q3-province-predictive-v1,2024-Q3,2010,persons,province_2010,54,poverty,fgt1,0.33609778126465006,proportion,4489.594162133196,13358.0,1.0,unit_weight_target_year_sample_research_v1,unit weight; persons inherit household predictive contribution by exact membership count,not_supplied
poverty-estimate-release-2024-q3-province-predictive-v1,2024-Q3,2010,persons,province_2010,54,poverty,fgt2,0.24124620414867423,proportion,3222.5667950179904,13358.0,1.0,unit_weight_target_year_sample_research_v1,unit weight; persons inherit household predictive contribution by exact membership count,not_supplied
poverty-estimate-release-2024-q3-province-predictive-v1,2024-Q3,2010,persons,province_2010,54,indigence,fgt0,0.30925013025711473,proportion,4130.963239974539,13358.0,1.0,unit_weight_target_year_sample_research_v1,unit weight; persons inherit household predictive contribution by exact membership count,not_supplied
poverty-estimate-release-2024-q3-province-predictive-v1,2024-Q3,2010,persons,province_2010,54,indigence,fgt1,0.18499483868244918,proportion,2471.161055120156,13358.0,1.0,unit_weight_target_year_sample_research_v1,unit weight; persons inherit household predictive contribution by exact membership count,not_supplied
poverty-estimate-release-2024-q3-province-predictive-v1,2024-Q3,2010,persons,province_2010,54,indigence,fgt2,0.14782962292995375,proportion,1974.7081030983222,13358.0,1.0,unit_weight_target_year_sample_research_v1,unit weight; persons inherit household predictive contribution by exact membership count,not_supplied
poverty-estimate-release-2024-q3-province-predictive-v1,2024-Q3,2010,persons,province_2010,58,poverty,fgt0,0.5616623100920536,proportion,4039.4753341820497,7192.0,1.0,unit_weight_target_year_sample_research_v1,unit weight; persons inherit household predictive contribution by exact membership count,not_supplied
poverty-estimate-release-2024-q3-province-predictive-v1,2024-Q3,2010,persons,province_2010,58,poverty,fgt1,0.2757280906970409,proportion,1983.0364282931182,7192.0,1.0,unit_weight_target_year_sample_research_v1,unit weight; persons inherit household predictive contribution by exact membership count,not_supplied
poverty-estimate-release-2024-q3-province-predictive-v1,2024-Q3,2010,persons,province_2010,58,poverty,fgt2,0.18480679924754562,proportion,1329.1305001883482,7192.0,1.0,unit_weight_target_year_sample_research_v1,unit weight; persons inherit household predictive contribution by exact membership count,not_supplied
poverty-estimate-release-2024-q3-province-predictive-v1,2024-Q3,2010,persons,province_2010,58,indigence,fgt0,0.19849395263072556,proportion,1427.5685073201782,7192.0,1.0,unit_weight_target_year_sample_research_v1,unit weight; persons inherit household predictive contribution by exact membership count,not_supplied
poverty-estimate-release-2024-q3-province-predictive-v1,2024-Q3,2010,persons,province_2010,58,indigence,fgt1,0.11234673559263117,proportion,807.9977223822034,7192.0,1.0,unit_weight_target_year_sample_research_v1,unit weight; persons inherit household predictive contribution by exact membership count,not_supplied
poverty-estimate-release-2024-q3-province-predictive-v1,2024-Q3,2010,persons,province_2010,58,indigence,fgt2,0.08788237253957006,proportion,632.0500233045879,7192.0,1.0,unit_weight_target_year_sample_research_v1,unit weight; persons inherit household predictive contribution by exact membership count,not_supplied
poverty-estimate-release-2024-q3-province-predictive-v1,2024-Q3,2010,persons,province_2010,62,poverty,fgt0,0.5453950141241922,proportion,4245.354789942712,7784.0,1.0,unit_weight_target_year_sample_research_v1,unit weight; persons inherit household predictive contribution by exact membership count,not_supplied
poverty-estimate-release-2024-q3-province-predictive-v1,2024-Q3,2010,persons,province_2010,62,poverty,fgt1,0.26840715821915523,proportion,2089.2813195779045,7784.0,1.0,unit_weight_target_year_sample_research_v1,unit weight; persons inherit household predictive contribution by exact membership count,not_supplied
poverty-estimate-release-2024-q3-province-predictive-v1,2024-Q3,2010,persons,province_2010,62,poverty,fgt2,0.1802848805625777,proportion,1403.3375102991047,7784.0,1.0,unit_weight_target_year_sample_research_v1,unit weight; persons inherit household predictive contribution by exact membership count,not_supplied
poverty-estimate-release-2024-q3-province-predictive-v1,2024-Q3,2010,persons,province_2010,62,indigence,fgt0,0.19358473051512415,proportion,1506.8635423297264,7784.0,1.0,unit_weight_target_year_sample_research_v1,unit weight; persons inherit household predictive contribution by exact membership count,not_supplied
poverty-estimate-release-2024-q3-province-predictive-v1,2024-Q3,2010,persons,province_2010,62,indigence,fgt1,0.10956252078787802,proportion,852.8346618128426,7784.0,1.0,unit_weight_target_year_sample_research_v1,unit weight; persons inherit household predictive contribution by exact membership count,not_supplied
poverty-estimate-release-2024-q3-province-predictive-v1,2024-Q3,2010,persons,province_2010,62,indigence,fgt2,0.08613310687619938,proportion,670.460103924336,7784.0,1.0,unit_weight_target_year_sample_research_v1,unit weight; persons inherit household predictive contribution by exact membership count,not_supplied
poverty-estimate-release-2024-q3-province-predictive-v1,2024-Q3,2010,persons,province_2010,66,poverty,fgt0,0.5567568984333284,proportion,8182.0993793761945,14696.0,1.0,unit_weight_target_year_sample_research_v1,unit weight; persons inherit household predictive contribution by exact membership count,not_supplied
poverty-estimate-release-2024-q3-province-predictive-v1,2024-Q3,2010,persons,province_2010,66,poverty,fgt1,0.29497608823797145,proportion,4334.968592745228,14696.0,1.0,unit_weight_target_year_sample_research_v1,unit weight; persons inherit household predictive contribution by exact membership count,not_supplied
poverty-estimate-release-2024-q3-province-predictive-v1,2024-Q3,2010,persons,province_2010,66,poverty,fgt2,0.20813368561881682,proportion,3058.7326438541318,14696.0,1.0,unit_weight_target_year_sample_research_v1,unit weight; persons inherit household predictive contribution by exact membership count,not_supplied
poverty-estimate-release-2024-q3-province-predictive-v1,2024-Q3,2010,persons,province_2010,66,indigence,fgt0,0.2770622316503501,proportion,4071.7065563335454,14696.0,1.0,unit_weight_target_year_sample_research_v1,unit weight; persons inherit household predictive contribution by exact membership count,not_supplied
poverty-estimate-release-2024-q3-province-predictive-v1,2024-Q3,2010,persons,province_2010,66,indigence,fgt1,0.15770481343580345,proportion,2317.6299382525676,14696.0,1.0,unit_weight_target_year_sample_research_v1,unit weight; persons inherit household predictive contribution by exact membership count,not_supplied
poverty-estimate-release-2024-q3-province-predictive-v1,2024-Q3,2010,persons,province_2010,66,indigence,fgt2,0.12312478506365965,proportion,1809.4418412955422,14696.0,1.0,unit_weight_target_year_sample_research_v1,unit weight; persons inherit household predictive contribution by exact membership count,not_supplied
poverty-estimate-release-2024-q3-province-predictive-v1,2024-Q3,2010,persons,province_2010,70,poverty,fgt0,0.5712389715101364,proportion,4712.7215149586245,8250.0,1.0,unit_weight_target_year_sample_research_v1,unit weight; persons inherit household predictive contribution by exact membership count,not_supplied
poverty-estimate-release-2024-q3-province-predictive-v1,2024-Q3,2010,persons,province_2010,70,poverty,fgt1,0.29735032032804926,proportion,2453.1401427064066,8250.0,1.0,unit_weight_target_year_sample_research_v1,unit weight; persons inherit household predictive contribution by exact membership count,not_supplied
poverty-estimate-release-2024-q3-province-predictive-v1,2024-Q3,2010,persons,province_2010,70,poverty,fgt2,0.2061796942438938,proportion,1700.9824775121238,8250.0,1.0,unit_weight_target_year_sample_research_v1,unit weight; persons inherit household predictive contribution by exact membership count,not_supplied
poverty-estimate-release-2024-q3-province-predictive-v1,2024-Q3,2010,persons,province_2010,70,indigence,fgt0,0.2393961962077812,proportion,1975.0186187141949,8250.0,1.0,unit_weight_target_year_sample_research_v1,unit weight; persons inherit household predictive contribution by exact membership count,not_supplied
poverty-estimate-release-2024-q3-province-predictive-v1,2024-Q3,2010,persons,province_2010,70,indigence,fgt1,0.13759973884390017,proportion,1135.1978454621765,8250.0,1.0,unit_weight_target_year_sample_research_v1,unit weight; persons inherit household predictive contribution by exact membership count,not_supplied
poverty-estimate-release-2024-q3-province-predictive-v1,2024-Q3,2010,persons,province_2010,70,indigence,fgt2,0.10853510392606311,proportion,895.4146073900207,8250.0,1.0,unit_weight_target_year_sample_research_v1,unit weight; persons inherit household predictive contribution by exact membership count,not_supplied
poverty-estimate-release-2024-q3-province-predictive-v1,2024-Q3,2010,persons,province_2010,74,poverty,fgt0,0.5165652855954246,proportion,2758.4586250795674,5340.0,1.0,unit_weight_target_year_sample_research_v1,unit weight; persons inherit household predictive contribution by exact membership count,not_supplied
poverty-estimate-release-2024-q3-province-predictive-v1,2024-Q3,2010,persons,province_2010,74,poverty,fgt1,0.25662479115243986,proportion,1370.3763847540288,5340.0,1.0,unit_weight_target_year_sample_research_v1,unit weight; persons inherit household predictive contribution by exact membership count,not_supplied
poverty-estimate-release-2024-q3-province-predictive-v1,2024-Q3,2010,persons,province_2010,74,poverty,fgt2,0.17578200684990367,proportion,938.6759165784856,5340.0,1.0,unit_weight_target_year_sample_research_v1,unit weight; persons inherit household predictive contribution by exact membership count,not_supplied
poverty-estimate-release-2024-q3-province-predictive-v1,2024-Q3,2010,persons,province_2010,74,indigence,fgt0,0.20059536793997954,proportion,1071.1792647994907,5340.0,1.0,unit_weight_target_year_sample_research_v1,unit weight; persons inherit household predictive contribution by exact membership count,not_supplied
poverty-estimate-release-2024-q3-province-predictive-v1,2024-Q3,2010,persons,province_2010,74,indigence,fgt1,0.1179893972623455,proportion,630.063381380925,5340.0,1.0,unit_weight_target_year_sample_research_v1,unit weight; persons inherit household predictive contribution by exact membership count,not_supplied
poverty-estimate-release-2024-q3-province-predictive-v1,2024-Q3,2010,persons,province_2010,74,indigence,fgt2,0.09440701305247133,proportion,504.1334497001969,5340.0,1.0,unit_weight_target_year_sample_research_v1,unit weight; persons inherit household predictive contribution by exact membership count,not_supplied
poverty-estimate-release-2024-q3-province-predictive-v1,2024-Q3,2010,persons,province_2010,78,poverty,fgt0,0.5252383153143705,proportion,2056.3080044557605,3915.0,1.0,unit_weight_target_year_sample_research_v1,unit weight; persons inherit household predictive contribution by exact membership count,not_supplied
poverty-estimate-release-2024-q3-province-predictive-v1,2024-Q3,2010,persons,province_2010,78,poverty,fgt1,0.24687953680640612,proportion,966.5333865970799,3915.0,1.0,unit_weight_target_year_sample_research_v1,unit weight; persons inherit household predictive contribution by exact membership count,not_supplied
poverty-estimate-release-2024-q3-province-predictive-v1,2024-Q3,2010,persons,province_2010,78,poverty,fgt2,0.16181961525461755,proportion,633.5237937218277,3915.0,1.0,unit_weight_target_year_sample_research_v1,unit weight; persons inherit household predictive contribution by exact membership count,not_supplied
poverty-estimate-release-2024-q3-province-predictive-v1,2024-Q3,2010,persons,province_2010,78,indigence,fgt0,0.17020202944005047,proportion,666.3409452577976,3915.0,1.0,unit_weight_target_year_sample_research_v1,unit weight; persons inherit household predictive contribution by exact membership count,not_supplied
poverty-estimate-release-2024-q3-province-predictive-v1,2024-Q3,2010,persons,province_2010,78,indigence,fgt1,0.09599866955075123,proportion,375.8347912911911,3915.0,1.0,unit_weight_target_year_sample_research_v1,unit weight; persons inherit household predictive contribution by exact membership count,not_supplied
poverty-estimate-release-2024-q3-province-predictive-v1,2024-Q3,2010,persons,province_2010,78,indigence,fgt2,0.07509092689965698,proportion,293.98097881215705,3915.0,1.0,unit_weight_target_year_sample_research_v1,unit weight; persons inherit household predictive contribution by exact membership count,not_supplied
poverty-estimate-release-2024-q3-province-predictive-v1,2024-Q3,2010,persons,province_2010,82,poverty,fgt0,0.46732807878600574,proportion,16949.989417568428,36270.0,1.0,unit_weight_target_year_sample_research_v1,unit weight; persons inherit household predictive contribution by exact membership count,not_supplied
poverty-estimate-release-2024-q3-province-predictive-v1,2024-Q3,2010,persons,province_2010,82,poverty,fgt1,0.23514127237575855,proportion,8528.573949068763,36270.0,1.0,unit_weight_target_year_sample_research_v1,unit weight; persons inherit household predictive contribution by exact membership count,not_supplied
poverty-estimate-release-2024-q3-province-predictive-v1,2024-Q3,2010,persons,province_2010,82,poverty,fgt2,0.162484180969005,proportion,5893.301243745811,36270.0,1.0,unit_weight_target_year_sample_research_v1,unit weight; persons inherit household predictive contribution by exact membership count,not_supplied
poverty-estimate-release-2024-q3-province-predictive-v1,2024-Q3,2010,persons,province_2010,82,indigence,fgt0,0.1971530797468663,proportion,7150.742202418841,36270.0,1.0,unit_weight_target_year_sample_research_v1,unit weight; persons inherit household predictive contribution by exact membership count,not_supplied
poverty-estimate-release-2024-q3-province-predictive-v1,2024-Q3,2010,persons,province_2010,82,indigence,fgt1,0.11454143608345262,proportion,4154.417886746826,36270.0,1.0,unit_weight_target_year_sample_research_v1,unit weight; persons inherit household predictive contribution by exact membership count,not_supplied
poverty-estimate-release-2024-q3-province-predictive-v1,2024-Q3,2010,persons,province_2010,82,indigence,fgt2,0.090737366374457,proportion,3291.0442784015554,36270.0,1.0,unit_weight_target_year_sample_research_v1,unit weight; persons inherit household predictive contribution by exact membership count,not_supplied
poverty-estimate-release-2024-q3-province-predictive-v1,2024-Q3,2010,persons,province_2010,86,poverty,fgt0,0.6039615213393802,proportion,6247.981938255888,10345.0,1.0,unit_weight_target_year_sample_research_v1,unit weight; persons inherit household predictive contribution by exact membership count,not_supplied
poverty-estimate-release-2024-q3-province-predictive-v1,2024-Q3,2010,persons,province_2010,86,poverty,fgt1,0.3361742548579404,proportion,3477.722666505393,10345.0,1.0,unit_weight_target_year_sample_research_v1,unit weight; persons inherit household predictive contribution by exact membership count,not_supplied
poverty-estimate-release-2024-q3-province-predictive-v1,2024-Q3,2010,persons,province_2010,86,poverty,fgt2,0.24377612614452654,proportion,2521.864024965127,10345.0,1.0,unit_weight_target_year_sample_research_v1,unit weight; persons inherit household predictive contribution by exact membership count,not_supplied
poverty-estimate-release-2024-q3-province-predictive-v1,2024-Q3,2010,persons,province_2010,86,indigence,fgt0,0.3219186013778616,proportion,3330.247931253978,10345.0,1.0,unit_weight_target_year_sample_research_v1,unit weight; persons inherit household predictive contribution by exact membership count,not_supplied
poverty-estimate-release-2024-q3-province-predictive-v1,2024-Q3,2010,persons,province_2010,86,indigence,fgt1,0.18978944918359478,proportion,1963.3718518042879,10345.0,1.0,unit_weight_target_year_sample_research_v1,unit weight; persons inherit household predictive contribution by exact membership count,not_supplied
poverty-estimate-release-2024-q3-province-predictive-v1,2024-Q3,2010,persons,province_2010,86,indigence,fgt2,0.1505219326667787,proportion,1557.1493934378257,10345.0,1.0,unit_weight_target_year_sample_research_v1,unit weight; persons inherit household predictive contribution by exact membership count,not_supplied
poverty-estimate-release-2024-q3-province-predictive-v1,2024-Q3,2010,persons,province_2010,90,poverty,fgt0,0.4965259614987843,proportion,8524.854232972628,17169.0,1.0,unit_weight_target_year_sample_research_v1,unit weight; persons inherit household predictive contribution by exact membership count,not_supplied
poverty-estimate-release-2024-q3-province-predictive-v1,2024-Q3,2010,persons,province_2010,90,poverty,fgt1,0.25690038404714416,proportion,4410.722693705418,17169.0,1.0,unit_weight_target_year_sample_research_v1,unit weight; persons inherit household predictive contribution by exact membership count,not_supplied
poverty-estimate-release-2024-q3-province-predictive-v1,2024-Q3,2010,persons,province_2010,90,poverty,fgt2,0.18001002189902637,proportion,3090.5920659843837,17169.0,1.0,unit_weight_target_year_sample_research_v1,unit weight; persons inherit household predictive contribution by exact membership count,not_supplied
poverty-estimate-release-2024-q3-province-predictive-v1,2024-Q3,2010,persons,province_2010,90,indigence,fgt0,0.23586674801619234,proportion,4049.5961966900063,17169.0,1.0,unit_weight_target_year_sample_research_v1,unit weight; persons inherit household predictive contribution by exact membership count,not_supplied
poverty-estimate-release-2024-q3-province-predictive-v1,2024-Q3,2010,persons,province_2010,90,indigence,fgt1,0.13573146416332227,proportion,2330.37350822008,17169.0,1.0,unit_weight_target_year_sample_research_v1,unit weight; persons inherit household predictive contribution by exact membership count,not_supplied
poverty-estimate-release-2024-q3-province-predictive-v1,2024-Q3,2010,persons,province_2010,90,indigence,fgt2,0.10704696728306579,proportion,1837.8893812829565,17169.0,1.0,unit_weight_target_year_sample_research_v1,unit weight; persons inherit household predictive contribution by exact membership count,not_supplied
poverty-estimate-release-2024-q3-province-predictive-v1,2024-Q3,2010,persons,province_2010,94,poverty,fgt0,0.47243540988550675,proportion,865.5016709102483,1832.0,1.0,unit_weight_target_year_sample_research_v1,unit weight; persons inherit household predictive contribution by exact membership count,not_supplied
poverty-estimate-release-2024-q3-province-predictive-v1,2024-Q3,2010,persons,province_2010,94,poverty,fgt1,0.20906821892044983,proportion,383.0129770622641,1832.0,1.0,unit_weight_target_year_sample_research_v1,unit weight; persons inherit household predictive contribution by exact membership count,not_supplied
poverty-estimate-release-2024-q3-province-predictive-v1,2024-Q3,2010,persons,province_2010,94,poverty,fgt2,0.1316729921835143,proportion,241.22492168019818,1832.0,1.0,unit_weight_target_year_sample_research_v1,unit weight; persons inherit household predictive contribution by exact membership count,not_supplied
poverty-estimate-release-2024-q3-province-predictive-v1,2024-Q3,2010,persons,province_2010,94,indigence,fgt0,0.13525148085245955,proportion,247.7807129217059,1832.0,1.0,unit_weight_target_year_sample_research_v1,unit weight; persons inherit household predictive contribution by exact membership count,not_supplied
poverty-estimate-release-2024-q3-province-predictive-v1,2024-Q3,2010,persons,province_2010,94,indigence,fgt1,0.07243803941534531,proportion,132.70648820891262,1832.0,1.0,unit_weight_target_year_sample_research_v1,unit weight; persons inherit household predictive contribution by exact membership count,not_supplied
poverty-estimate-release-2024-q3-province-predictive-v1,2024-Q3,2010,persons,province_2010,94,indigence,fgt2,0.05582694078457043,proportion,102.27495551733303,1832.0,1.0,unit_weight_target_year_sample_research_v1,unit weight; persons inherit household predictive contribution by exact membership count,not_supplied
poverty-estimate-release-2024-q3-province-predictive-v1,2024-Q3,2010,persons,national,ARG,poverty,fgt0,0.4886078001722314,proportion,229241.09882240614,469172.0,1.0,unit_weight_target_year_sample_research_v1,unit weight; persons inherit household predictive contribution by exact membership count,not_supplied
poverty-estimate-release-2024-q3-province-predictive-v1,2024-Q3,2010,persons,national,ARG,poverty,fgt1,0.24815699193959473,proportion,116428.31222228354,469172.0,1.0,unit_weight_target_year_sample_research_v1,unit weight; persons inherit household predictive contribution by exact membership count,not_supplied
poverty-estimate-release-2024-q3-province-predictive-v1,2024-Q3,2010,persons,national,ARG,poverty,fgt2,0.1715802231974204,proportion,80500.63647798012,469172.0,1.0,unit_weight_target_year_sample_research_v1,unit weight; persons inherit household predictive contribution by exact membership count,not_supplied
poverty-estimate-release-2024-q3-province-predictive-v1,2024-Q3,2010,persons,national,ARG,indigence,fgt0,0.21086015935773483,proportion,98929.68268618717,469172.0,1.0,unit_weight_target_year_sample_research_v1,unit weight; persons inherit household predictive contribution by exact membership count,not_supplied
poverty-estimate-release-2024-q3-province-predictive-v1,2024-Q3,2010,persons,national,ARG,indigence,fgt1,0.12130076087123796,proportion,56910.92057948046,469172.0,1.0,unit_weight_target_year_sample_research_v1,unit weight; persons inherit household predictive contribution by exact membership count,not_supplied
poverty-estimate-release-2024-q3-province-predictive-v1,2024-Q3,2010,persons,national,ARG,indigence,fgt2,0.09551783676712605,proportion,44814.294511706066,469172.0,1.0,unit_weight_target_year_sample_research_v1,unit weight; persons inherit household predictive contribution by exact membership count,not_supplied
